INSERT INTO CIBUS_USERS (EMAIL, IS_EMAIL_CONFIRMED, IS_FIRST_LOGIN, NAME, PASS) VALUES ('admin@cibus.com', TRUE, FALSE, 'admin', '$2a$10$CZFVf82IJEG5KpvYnywiyOEpTsf7kQf8v59ezqxnLtyKJGw4j8iCq');

INSERT INTO CIBUS_CATEGORYS (ACTIVE, DESCRIPTION, NAME) VALUES (TRUE, 'Assados', 'Assados');
INSERT INTO CIBUS_CATEGORYS (ACTIVE, DESCRIPTION, NAME) VALUES (TRUE, 'Bebidas', 'Bebidas');

INSERT INTO CIBUS_PRODUCTS (MINIMUM_STOCK, NAME, PRICE, STOCK_QUANTITY, VISIBLE) VALUES (5, 'Esfirra', 1.0, 50, TRUE);
INSERT INTO CIBUS_PRODUCTS (MINIMUM_STOCK, NAME, PRICE, STOCK_QUANTITY, VISIBLE) VALUES (5, 'Coxinha', 1.0, 50, TRUE);
INSERT INTO CIBUS_PRODUCTS (MINIMUM_STOCK, NAME, PRICE, STOCK_QUANTITY, VISIBLE) VALUES (5, 'Suco', 1.0, 50, TRUE);
INSERT INTO CIBUS_PRODUCTS (MINIMUM_STOCK, NAME, PRICE, STOCK_QUANTITY, VISIBLE) VALUES (5, 'Água', 1.0, 50, TRUE);

INSERT INTO CIBUS_PRODUCT_CATEGORY (PRODUCT_ID, CATEGORY_ID) VALUES (1, 1);
INSERT INTO CIBUS_PRODUCT_CATEGORY (PRODUCT_ID, CATEGORY_ID) VALUES (2, 1);
INSERT INTO CIBUS_PRODUCT_CATEGORY (PRODUCT_ID, CATEGORY_ID) VALUES (3, 2);
INSERT INTO CIBUS_PRODUCT_CATEGORY (PRODUCT_ID, CATEGORY_ID) VALUES (4, 2);

INSERT INTO CIBUS_CLIENTS (USER_ID) VALUES (1);

INSERT INTO CIBUS_SALES (PRICE, QUANTITY, SALE_STATUS, CLIENT_ID, PRODUCT_ID, CATEGORY_ID, SALE_DATE) VALUES (1.5, 1, 'PAID', 1, 1, 1, '2021-03-18');
INSERT INTO CIBUS_SALES (PRICE, QUANTITY, SALE_STATUS, CLIENT_ID, PRODUCT_ID, CATEGORY_ID, SALE_DATE) VALUES (2.0, 1, 'PAID', 1, 2, 1, '2021-03-18');
INSERT INTO CIBUS_SALES (PRICE, QUANTITY, SALE_STATUS, CLIENT_ID, PRODUCT_ID, CATEGORY_ID, SALE_DATE) VALUES (3.0, 1, 'PAID', 1, 3, 2, '2021-03-18');
INSERT INTO CIBUS_SALES (PRICE, QUANTITY, SALE_STATUS, CLIENT_ID, PRODUCT_ID, CATEGORY_ID, SALE_DATE) VALUES (4.0, 1, 'PAID', 1, 4, 2, '2021-03-18');

INSERT INTO CIBUS_SALES (PRICE, QUANTITY, SALE_STATUS, CLIENT_ID, PRODUCT_ID, CATEGORY_ID, SALE_DATE) VALUES (1.0, 1, 'ORDER', 1, 1, 1, '2021-03-18');
INSERT INTO CIBUS_SALES (PRICE, QUANTITY, SALE_STATUS, CLIENT_ID, PRODUCT_ID, CATEGORY_ID, SALE_DATE) VALUES (2.0, 1, 'ORDER', 1, 2, 1, '2021-03-18');
INSERT INTO CIBUS_SALES (PRICE, QUANTITY, SALE_STATUS, CLIENT_ID, PRODUCT_ID, CATEGORY_ID, SALE_DATE) VALUES (3.0, 1, 'ORDER', 1, 3, 2, '2021-03-18');
INSERT INTO CIBUS_SALES (PRICE, QUANTITY, SALE_STATUS, CLIENT_ID, PRODUCT_ID, CATEGORY_ID, SALE_DATE) VALUES (3.0, 1, 'ORDER', 1, 3, 2, '2021-03-18');

INSERT INTO CIBUS_SALES (PRICE, QUANTITY, SALE_STATUS, CLIENT_ID, PRODUCT_ID, CATEGORY_ID, SALE_DATE) VALUES (1.0, 1, 'ORDER', 1, 1, 1, '2021-03-18');
INSERT INTO CIBUS_SALES (PRICE, QUANTITY, SALE_STATUS, CLIENT_ID, PRODUCT_ID, CATEGORY_ID, SALE_DATE) VALUES (1.0, 1, 'ORDER', 1, 1, 1, '2021-03-18');
INSERT INTO CIBUS_SALES (PRICE, QUANTITY, SALE_STATUS, CLIENT_ID, PRODUCT_ID, CATEGORY_ID, SALE_DATE) VALUES (1.0, 1, 'ORDER', 1, 1, 1, '2021-03-18');
INSERT INTO CIBUS_SALES (PRICE, QUANTITY, SALE_STATUS, CLIENT_ID, PRODUCT_ID, CATEGORY_ID, SALE_DATE) VALUES (1.0, 1, 'ORDER', 1, 1, 1, '2021-03-18');
INSERT INTO CIBUS_SALES (PRICE, QUANTITY, SALE_STATUS, CLIENT_ID, PRODUCT_ID, CATEGORY_ID, SALE_DATE) VALUES (1.0, 1, 'ORDER', 1, 1, 1, '2021-03-18');

