INSERT INTO CIBUS_USERS (EMAIL, IS_EMAIL_CONFIRMED, IS_FIRST_LOGIN, NAME, PASS) VALUES ('admin@cibus.com', TRUE, FALSE, 'admin', '$2a$10$CZFVf82IJEG5KpvYnywiyOEpTsf7kQf8v59ezqxnLtyKJGw4j8iCq');

INSERT INTO CIBUS_CATEGORYS (ACTIVE, DESCRIPTION, NAME) VALUES (TRUE, 'Assados', 'Assados');
INSERT INTO CIBUS_CATEGORYS (ACTIVE, DESCRIPTION, NAME) VALUES (TRUE, 'Bebidas', 'Bebidas');
INSERT INTO CIBUS_CATEGORYS (ACTIVE, DESCRIPTION, NAME) VALUES (TRUE, 'Sobremesas', 'Sobremesas');

INSERT INTO CIBUS_PRODUCTS (MINIMUM_STOCK, NAME, PRICE, STOCK_QUANTITY, VISIBLE) VALUES (5, 'Esfirra', 1.0, 50, TRUE);
INSERT INTO CIBUS_PRODUCTS (MINIMUM_STOCK, NAME, PRICE, STOCK_QUANTITY, VISIBLE) VALUES (5, 'Coxinha', 1.0, 50, TRUE);
INSERT INTO CIBUS_PRODUCTS (MINIMUM_STOCK, NAME, PRICE, STOCK_QUANTITY, VISIBLE) VALUES (5, 'Kibe', 1.0, 50, TRUE);
INSERT INTO CIBUS_PRODUCTS (MINIMUM_STOCK, NAME, PRICE, STOCK_QUANTITY, VISIBLE) VALUES (5, 'Torta de frango', 1.0, 50, TRUE);
INSERT INTO CIBUS_PRODUCTS (MINIMUM_STOCK, NAME, PRICE, STOCK_QUANTITY, VISIBLE) VALUES (5, 'Empada', 1.0, 50, TRUE);
INSERT INTO CIBUS_PRODUCTS (MINIMUM_STOCK, NAME, PRICE, STOCK_QUANTITY, VISIBLE) VALUES (5, 'Torta de atum', 1.0, 50, TRUE);
INSERT INTO CIBUS_PRODUCTS (MINIMUM_STOCK, NAME, PRICE, STOCK_QUANTITY, VISIBLE) VALUES (5, 'Quiche', 1.0, 50, TRUE);
INSERT INTO CIBUS_PRODUCTS (MINIMUM_STOCK, NAME, PRICE, STOCK_QUANTITY, VISIBLE) VALUES (5, 'Suco', 1.0, 50, TRUE);
INSERT INTO CIBUS_PRODUCTS (MINIMUM_STOCK, NAME, PRICE, STOCK_QUANTITY, VISIBLE) VALUES (5, 'Água', 1.0, 50, TRUE);
INSERT INTO CIBUS_PRODUCTS (MINIMUM_STOCK, NAME, PRICE, STOCK_QUANTITY, VISIBLE) VALUES (5, 'Água de coco', 1.0, 50, TRUE);
INSERT INTO CIBUS_PRODUCTS (MINIMUM_STOCK, NAME, PRICE, STOCK_QUANTITY, VISIBLE) VALUES (5, 'Pudim', 1.0, 50, TRUE);
INSERT INTO CIBUS_PRODUCTS (MINIMUM_STOCK, NAME, PRICE, STOCK_QUANTITY, VISIBLE) VALUES (5, 'Salada de frutas', 1.0, 50, TRUE);
INSERT INTO CIBUS_PRODUCTS (MINIMUM_STOCK, NAME, PRICE, STOCK_QUANTITY, VISIBLE) VALUES (5, 'Bolo', 1.0, 50, TRUE);

UPDATE CIBUS_PRODUCTS SET IMAGE = 'https://tiaeliana.com.br/wp-content/uploads/2018/03/Esfirra-napolitana-2.png' WHERE ID = 1;
UPDATE CIBUS_PRODUCTS SET IMAGE = 'https://imagensemoldes.com.br/wp-content/uploads/2020/05/Salgado-Coxinha-PNG.png' WHERE ID = 2;
UPDATE CIBUS_PRODUCTS SET IMAGE = 'https://canopussalgados.com.br/wp-content/uploads/2016/07/kibe.png' WHERE ID = 3;
UPDATE CIBUS_PRODUCTS SET IMAGE = 'http://bocadoforno.com.br/wp-content/uploads/torta-frango1.png' WHERE ID = 4;
UPDATE CIBUS_PRODUCTS SET IMAGE = 'https://tiaeliana.com.br/wp-content/uploads/2018/03/Empada-de-frango-com-requeijao-cremoso.png' WHERE ID = 5;
UPDATE CIBUS_PRODUCTS SET IMAGE = 'https://www.extrabom.com.br/uploads/produtos/350x350/112286_20200918152628_thumb_112286_Torta_Sufle_Atum.png' WHERE ID = 6;
UPDATE CIBUS_PRODUCTS SET IMAGE = 'https://www.saladices.com.br/wp-content/uploads/2019/11/quiche-de-alho-poro-integral-saladices.png' WHERE ID = 7;
UPDATE CIBUS_PRODUCTS SET IMAGE = 'https://i.pinimg.com/originals/ed/b3/3b/edb33b2cab5e563ac124c091f15e9ab6.png' WHERE ID = 8;
UPDATE CIBUS_PRODUCTS SET IMAGE = 'https://static.clubeextra.com.br/img/uploads/1/937/639937.png' WHERE ID = 9;
UPDATE CIBUS_PRODUCTS SET IMAGE = 'https://www.casadococoverde.com.br/images/slide/inicio-slides-cocos.png' WHERE ID = 10;
UPDATE CIBUS_PRODUCTS SET IMAGE = 'https://www.tortamania.com.br/files/product/image/87/xvga_torta-mania-doces-pudim.png' WHERE ID = 11;
UPDATE CIBUS_PRODUCTS SET IMAGE = 'https://www.saladices.com.br/wp-content/uploads/2019/11/salada-de-frutas-com-iogurte.png' WHERE ID = 12;
UPDATE CIBUS_PRODUCTS SET IMAGE = 'https://www.pngkit.com/png/full/354-3542995_bolos-massa-de-chocolate-topo-de-bolo-para.png' WHERE ID = 13;

INSERT INTO CIBUS_PRODUCT_CATEGORY (PRODUCT_ID, CATEGORY_ID) VALUES (1, 1);
INSERT INTO CIBUS_PRODUCT_CATEGORY (PRODUCT_ID, CATEGORY_ID) VALUES (2, 1);
INSERT INTO CIBUS_PRODUCT_CATEGORY (PRODUCT_ID, CATEGORY_ID) VALUES (3, 1);
INSERT INTO CIBUS_PRODUCT_CATEGORY (PRODUCT_ID, CATEGORY_ID) VALUES (4, 1);
INSERT INTO CIBUS_PRODUCT_CATEGORY (PRODUCT_ID, CATEGORY_ID) VALUES (5, 1);
INSERT INTO CIBUS_PRODUCT_CATEGORY (PRODUCT_ID, CATEGORY_ID) VALUES (6, 1);
INSERT INTO CIBUS_PRODUCT_CATEGORY (PRODUCT_ID, CATEGORY_ID) VALUES (7, 1);
INSERT INTO CIBUS_PRODUCT_CATEGORY (PRODUCT_ID, CATEGORY_ID) VALUES (8, 2);
INSERT INTO CIBUS_PRODUCT_CATEGORY (PRODUCT_ID, CATEGORY_ID) VALUES (9, 2);
INSERT INTO CIBUS_PRODUCT_CATEGORY (PRODUCT_ID, CATEGORY_ID) VALUES (10, 2);
INSERT INTO CIBUS_PRODUCT_CATEGORY (PRODUCT_ID, CATEGORY_ID) VALUES (11, 3);
INSERT INTO CIBUS_PRODUCT_CATEGORY (PRODUCT_ID, CATEGORY_ID) VALUES (12, 3);
INSERT INTO CIBUS_PRODUCT_CATEGORY (PRODUCT_ID, CATEGORY_ID) VALUES (13, 3);

INSERT INTO CIBUS_CLIENTS (USER_ID) VALUES (1);

INSERT INTO CIBUS_SALES (PRICE, QUANTITY, SALE_STATUS, CLIENT_ID, PRODUCT_ID, SALE_DATE) VALUES (1.5, 1, 'PAID', 1, 1, '2021-03-18');
INSERT INTO CIBUS_SALES (PRICE, QUANTITY, SALE_STATUS, CLIENT_ID, PRODUCT_ID, SALE_DATE) VALUES (2.0, 1, 'PAID', 1, 2, '2021-03-18');
INSERT INTO CIBUS_SALES (PRICE, QUANTITY, SALE_STATUS, CLIENT_ID, PRODUCT_ID, SALE_DATE) VALUES (3.0, 1, 'PAID', 1, 3, '2021-03-18');
INSERT INTO CIBUS_SALES (PRICE, QUANTITY, SALE_STATUS, CLIENT_ID, PRODUCT_ID, SALE_DATE) VALUES (4.0, 1, 'PAID', 1, 4, '2021-03-18');

INSERT INTO CIBUS_SALES (PRICE, QUANTITY, SALE_STATUS, CLIENT_ID, PRODUCT_ID, SALE_DATE) VALUES (1.0, 1, 'ORDER', 1, 1, '2021-03-18');
INSERT INTO CIBUS_SALES (PRICE, QUANTITY, SALE_STATUS, CLIENT_ID, PRODUCT_ID, SALE_DATE) VALUES (2.0, 1, 'ORDER', 1, 2, '2021-03-18');
INSERT INTO CIBUS_SALES (PRICE, QUANTITY, SALE_STATUS, CLIENT_ID, PRODUCT_ID, SALE_DATE) VALUES (3.0, 1, 'ORDER', 1, 3, '2021-03-18');
INSERT INTO CIBUS_SALES (PRICE, QUANTITY, SALE_STATUS, CLIENT_ID, PRODUCT_ID, SALE_DATE) VALUES (3.0, 1, 'ORDER', 1, 3, '2021-03-18');

INSERT INTO CIBUS_SALES (PRICE, QUANTITY, SALE_STATUS, CLIENT_ID, PRODUCT_ID, SALE_DATE) VALUES (1.0, 1, 'ORDER', 1, 1, '2021-03-18');
INSERT INTO CIBUS_SALES (PRICE, QUANTITY, SALE_STATUS, CLIENT_ID, PRODUCT_ID, SALE_DATE) VALUES (1.0, 1, 'ORDER', 1, 1, '2021-03-18');
INSERT INTO CIBUS_SALES (PRICE, QUANTITY, SALE_STATUS, CLIENT_ID, PRODUCT_ID, SALE_DATE) VALUES (1.0, 1, 'ORDER', 1, 1, '2021-03-18');
INSERT INTO CIBUS_SALES (PRICE, QUANTITY, SALE_STATUS, CLIENT_ID, PRODUCT_ID, SALE_DATE) VALUES (1.0, 1, 'ORDER', 1, 1, '2021-03-18');
INSERT INTO CIBUS_SALES (PRICE, QUANTITY, SALE_STATUS, CLIENT_ID, PRODUCT_ID, SALE_DATE) VALUES (1.0, 1, 'ORDER', 1, 1, '2021-03-18');

